Time,Temperature(Â¡C),A1,A2,A3,A4,A5,A6,A7,A8,A9,A10,A11,A12,B1,B2,B3,B4,B5,B6,B7,B8,B9,B10,B11,B12,C1,C2,C3,C4,C5,C6,C7,C8,C9,C10,C11,C12,D1,D2,D3,D4,D5,D6,D7,D8,D9,D10,D11,D12,E1,E2,E3,E4,E5,E6,E7,E8,E9,E10,E11,E12,F1,F2,F3,F4,F5,F6,F7,F8,F9,F10,F11,F12,G1,G2,G3,G4,G5,G6,G7,G8,G9,G10,G11,G12,H1,H2,H3,H4,H5,H6,H7,H8,H9,H10,H11,H12
00:00:00,22.2,0.5513,0.5877,0.497,0.1119,0.1162,0.1141,0.4403,0.4533,0.4351,0.352,0.3619,0.4058,0.5484,0.5398,0.5419,0.1273,0.1208,0.1162,0.4444,0.4447,0.4302,0.395,0.408,0.4177,0.5772,0.5887,0.5752,0.1606,0.1601,0.1669,0.4356,0.4284,0.4866,0.4131,0.3869,0.4239,0.5696,0.5849,0.5791,0.1664,0.1604,0.1731,0.4177,0.3965,0.4493,0.4133,0.3915,0.4251,0.5178,0.5388,0.5798,0.1701,0.177,0.1696,0.3622,0.3834,0.3968,0.408,0.4079,0.4097,0.1246,0.1076,0.1124,0.1627,0.1649,0.1652,0.3456,0.3359,0.3602,0.4264,0.4016,0.4015,0.1085,0.1135,0.1142,0.1625,0.2053,0.1734,0.3364,0.3699,0.3468,0.0895,0.0913,0.0943,0.1208,0.1177,0.1116,0.4464,0.4436,0.4613,0.3573,0.3546,0.3604,0.09,0.0942,0.0903
01:00:00,22.2,0.5129,0.5622,0.5393,0.1125,0.1119,0.1165,0.5203,0.5244,0.543,0.4108,0.3483,0.4124,0.508,0.5725,0.5429,0.1268,0.121,0.116,0.5279,0.5409,0.5082,0.538,0.5358,0.5238,0.5349,0.5907,0.6018,0.1587,0.1574,0.1615,0.5166,0.489,0.4928,0.5376,0.4262,0.5307,0.5458,0.5691,0.5363,0.1638,0.1588,0.1657,0.5116,0.4228,0.5033,0.5186,0.5311,0.5175,0.5617,0.5303,0.536,0.1677,0.1682,0.1667,0.4722,0.5032,0.5066,0.5145,0.5482,0.4791,0.1263,0.1078,0.1131,0.1607,0.1638,0.1646,0.4708,0.5037,0.4684,0.5051,0.4127,0.4101,0.1085,0.114,0.1161,0.1636,0.1734,0.1741,0.4523,0.4967,0.4711,0.0898,0.0921,0.0959,0.1204,0.1168,0.1123,0.4917,0.5219,0.5401,0.4319,0.4375,0.3524,0.0902,0.0944,0.0906
02:00:00,22.2,0.4837,0.5204,0.4573,0.1121,0.1117,0.1204,0.4579,0.4884,0.4665,0.4532,0.3338,0.4267,0.5171,0.5015,0.4875,0.1263,0.1194,0.115,0.4765,0.4793,0.4714,0.4517,0.4529,0.4524,0.5024,0.5091,0.5192,0.1557,0.1551,0.1587,0.4741,0.5135,0.493,0.458,0.4791,0.4807,0.5182,0.513,0.5038,0.1614,0.1568,0.1637,0.492,0.4316,0.5109,0.4729,0.4911,0.472,0.5102,0.4991,0.5124,0.1629,0.1661,0.1646,0.4259,0.4319,0.4318,0.4845,0.5344,0.5171,0.1239,0.1077,0.113,0.1585,0.1625,0.1636,0.4502,0.4797,0.4638,0.4923,0.4383,0.4308,0.1085,0.1126,0.1155,0.1643,0.1734,0.1779,0.4654,0.4676,0.4672,0.0896,0.092,0.0974,0.1194,0.1161,0.1115,0.4512,0.4527,0.462,0.4513,0.4715,0.359,0.0904,0.0943,0.091
03:00:00,22.2,0.5433,0.5794,0.4877,0.1128,0.1125,0.1134,0.4705,0.4964,0.4961,0.4851,0.3345,0.426,0.541,0.5343,0.5104,0.1264,0.1207,0.1153,0.4839,0.4938,0.4713,0.4523,0.4495,0.4495,0.5532,0.5622,0.5515,0.1556,0.1549,0.1587,0.4784,0.5215,0.5037,0.4608,0.4926,0.4824,0.5423,0.5386,0.5286,0.161,0.1562,0.1628,0.4897,0.4607,0.5292,0.4775,0.5027,0.4877,0.518,0.516,0.5348,0.1659,0.1665,0.1652,0.4071,0.4254,0.417,0.4901,0.5376,0.5187,0.1265,0.1076,0.113,0.1605,0.1625,0.1652,0.4252,0.424,0.4308,0.4924,0.4524,0.4489,0.109,0.1146,0.1154,0.1681,0.1756,0.18,0.432,0.4602,0.4511,0.0898,0.0921,0.0978,0.1242,0.1169,0.1127,0.4779,0.4654,0.4867,0.4566,0.4753,0.3606,0.0903,0.0946,0.0907
04:00:00,22.2,0.6404,0.6693,0.5707,0.1144,0.1127,0.1139,0.532,0.5274,0.5194,0.4663,0.3291,0.4255,0.6013,0.5941,0.5684,0.1276,0.1231,0.1168,0.5265,0.5098,0.4896,0.5127,0.5027,0.5028,0.612,0.6063,0.5866,0.1564,0.1554,0.1587,0.5034,0.5213,0.5094,0.4918,0.4557,0.5082,0.5863,0.5809,0.5718,0.1626,0.1565,0.1628,0.4985,0.4759,0.5342,0.4747,0.4771,0.4994,0.5553,0.5511,0.555,0.166,0.167,0.1666,0.4665,0.4823,0.4726,0.488,0.5326,0.5115,0.1277,0.1077,0.1143,0.1623,0.1639,0.1674,0.4295,0.4187,0.4254,0.4881,0.4709,0.4701,0.1092,0.1158,0.1169,0.1716,0.1764,0.1864,0.4209,0.4434,0.4225,0.0898,0.092,0.0974,0.1257,0.1184,0.1137,0.5614,0.5302,0.5604,0.4579,0.4235,0.3616,0.09,0.0944,0.0904
05:00:00,22.2,0.7778,0.806,0.6806,0.1106,0.1128,0.1109,0.6326,0.6089,0.6002,0.4221,0.3287,0.4238,0.7067,0.6969,0.6495,0.1257,0.1185,0.1134,0.6051,0.5627,0.5493,0.6106,0.5964,0.5972,0.7061,0.6803,0.6459,0.1533,0.1532,0.1562,0.5624,0.5184,0.5171,0.5695,0.4934,0.586,0.6422,0.6325,0.6242,0.1592,0.1551,0.1602,0.5357,0.4824,0.5313,0.5124,0.4881,0.5542,0.6071,0.5947,0.5871,0.1645,0.1645,0.1642,0.572,0.5856,0.5743,0.4928,0.5314,0.4961,0.1242,0.1072,0.1116,0.1603,0.1626,0.1656,0.5037,0.4847,0.4885,0.4999,0.4759,0.4763,0.109,0.1116,0.1139,0.169,0.1716,0.1877,0.4679,0.4791,0.4557,0.0896,0.0918,0.0974,0.119,0.1164,0.1126,0.6721,0.6244,0.6634,0.4331,0.4198,0.3612,0.0902,0.0946,0.0907
06:00:00,22.2,0.9271,0.9531,0.8144,0.1143,0.1163,0.1136,0.743,0.7192,0.7058,0.4431,0.3348,0.4218,0.8353,0.8274,0.76,0.1279,0.1217,0.1166,0.7031,0.6543,0.6396,0.7301,0.7098,0.7134,0.8294,0.7974,0.7461,0.1556,0.1548,0.1591,0.6421,0.5095,0.5523,0.669,0.5813,0.6865,0.7237,0.7064,0.7022,0.1609,0.1557,0.1617,0.6068,0.4874,0.5258,0.5909,0.5569,0.6518,0.6758,0.6538,0.6203,0.1664,0.1663,0.1656,0.6994,0.7083,0.6944,0.5383,0.5757,0.5066,0.1276,0.1071,0.1143,0.1632,0.1627,0.1669,0.6055,0.5879,0.5797,0.5491,0.4856,0.482,0.1093,0.1158,0.1168,0.1687,0.1768,0.1836,0.554,0.5741,0.5398,0.0895,0.0916,0.0979,0.1241,0.1188,0.1154,0.8,0.741,0.7866,0.4307,0.4703,0.366,0.0901,0.0944,0.0904
07:00:00,22.2,1.064,1.0878,0.9545,0.1117,0.1134,0.1117,0.8707,0.8474,0.8312,0.5102,0.3402,0.418,0.972,0.9622,0.8769,0.1266,0.1183,0.1137,0.8132,0.7554,0.7425,0.8573,0.835,0.8388,0.9507,0.9071,0.8512,0.1539,0.1533,0.1573,0.7381,0.5228,0.6142,0.7844,0.6867,0.8126,0.8181,0.7958,0.7935,0.1587,0.1549,0.16,0.6896,0.4788,0.5248,0.6773,0.641,0.7604,0.7623,0.7279,0.6562,0.1631,0.1643,0.1638,0.8343,0.8459,0.8262,0.6142,0.6487,0.5564,0.1246,0.107,0.113,0.1616,0.1599,0.1658,0.7262,0.7066,0.6919,0.6197,0.4829,0.4751,0.1093,0.1125,0.1149,0.1676,0.1775,0.1823,0.6549,0.6755,0.6357,0.0897,0.0918,0.0982,0.1201,0.1172,0.1139,0.926,0.8697,0.9108,0.4803,0.5524,0.3614,0.0899,0.0947,0.0907
08:00:00,22.2,1.1639,1.1869,1.0719,0.1114,0.112,0.1117,0.9866,0.9588,0.943,0.5911,0.3528,0.4371,1.0899,1.0816,0.9985,0.1257,0.1195,0.1144,0.9275,0.8529,0.8531,0.9762,0.9507,0.9577,1.0674,1.0246,0.9634,0.1538,0.1531,0.1572,0.8483,0.5675,0.6921,0.9023,0.7975,0.9249,0.9223,0.8882,0.8863,0.1584,0.1548,0.1596,0.7955,0.47,0.541,0.7787,0.7277,0.8601,0.8606,0.8113,0.7105,0.1638,0.164,0.1631,0.9571,0.9614,0.9421,0.6899,0.7273,0.6276,0.1239,0.1067,0.112,0.1579,0.1594,0.165,0.8375,0.8206,0.8015,0.703,0.4722,0.4647,0.1092,0.1123,0.1144,0.1705,0.1764,0.1859,0.7652,0.7714,0.7306,0.0897,0.092,0.0983,0.1193,0.1172,0.1149,1.0389,0.984,1.0208,0.5518,0.6405,0.375,0.0902,0.0948,0.0912
09:00:00,22.2,1.235,1.2562,1.1646,0.1116,0.1115,0.1121,1.0845,1.0487,1.0338,0.6747,0.3747,0.4763,1.1794,1.1749,1.101,0.1264,0.1186,0.115,1.0183,0.9465,0.945,1.077,1.0526,1.0581,1.1572,1.1231,1.066,0.1541,0.1534,0.1572,0.9452,0.6334,0.7613,1.0005,0.8925,1.0184,1.0235,0.9841,0.9828,0.1582,0.1548,0.1597,0.889,0.4772,0.5798,0.8721,0.8135,0.9529,0.9645,0.9029,0.7794,0.1617,0.1636,0.1625,1.0678,1.0579,1.0389,0.763,0.7779,0.6928,0.1252,0.107,0.1124,0.1577,0.1576,0.164,0.9291,0.9152,0.8961,0.7852,0.4668,0.4672,0.11,0.1135,0.1143,0.171,0.1747,0.1828,0.8597,0.8571,0.8227,0.0894,0.092,0.0985,0.12,0.1176,0.1146,1.129,1.0763,1.1101,0.623,0.7268,0.4049,0.0903,0.0946,0.0908
10:00:00,22.2,1.2882,1.308,1.2315,0.1119,0.1119,0.1117,1.1632,1.1277,1.1137,0.7548,0.4033,0.5232,1.2412,1.2428,1.1821,0.1268,0.1194,0.1156,1.0944,1.0271,1.028,1.1592,1.1378,1.141,1.2236,1.1995,1.1484,0.1554,0.1536,0.1582,1.0238,0.6963,0.8351,1.0871,0.9833,1.0979,1.1127,1.0737,1.0697,0.158,0.1552,0.1601,0.9688,0.5045,0.6364,0.9555,0.8928,1.0237,1.0575,0.9949,0.8549,0.1613,0.1639,0.1628,1.1637,1.1408,1.1198,0.8384,0.8251,0.7654,0.1257,0.1068,0.1124,0.1569,0.159,0.1659,1.0163,1.0057,0.9836,0.8587,0.4775,0.4913,0.1101,0.1126,0.1141,0.1715,0.1715,0.1825,0.944,0.9256,0.9064,0.0897,0.0918,0.0987,0.1205,0.1179,0.1148,1.205,1.1545,1.1815,0.701,0.7966,0.44,0.0901,0.0945,0.0909
11:00:00,22.2,1.3278,1.3476,1.2805,0.1123,0.1125,0.1111,1.2292,1.1945,1.1803,0.8321,0.4438,0.586,1.2882,1.2906,1.2432,0.1267,0.119,0.1157,1.1607,1.0888,1.0987,1.2258,1.2046,1.2043,1.2709,1.2592,1.2124,0.1554,0.1541,0.1583,1.0962,0.7615,0.9019,1.1596,1.0639,1.1663,1.1874,1.1487,1.1415,0.1578,0.1557,0.1601,1.0361,0.5464,0.6939,1.0359,0.9612,1.0848,1.1382,1.0766,0.9343,0.1602,0.1641,0.162,1.2431,1.2046,1.1819,0.9021,0.8987,0.8332,0.1267,0.1068,0.1128,0.1561,0.1591,0.1659,1.0897,1.0834,1.0608,0.923,0.5053,0.5304,0.1103,0.1139,0.1148,0.1701,0.1734,0.1821,1.0228,0.9861,0.9754,0.0895,0.0919,0.0988,0.1215,0.1185,0.1148,1.265,1.2154,1.2386,0.7756,0.8644,0.4856,0.0902,0.0943,0.0908
12:00:00,22.2,1.3617,1.3842,1.3191,0.1129,0.1129,0.1119,1.2822,1.2509,1.2359,0.9071,0.4984,0.6566,1.3252,1.33,1.2881,0.1265,0.1199,0.1152,1.2181,1.145,1.1583,1.2782,1.2558,1.2562,1.309,1.302,1.2602,0.1556,0.1545,0.1586,1.1561,0.8291,0.9583,1.2225,1.1329,1.222,1.2446,1.2111,1.198,0.1582,0.1557,0.1605,1.0855,0.5937,0.7544,1.1069,1.0215,1.1379,1.2028,1.149,1.0119,0.1582,0.1645,0.1627,1.3099,1.2574,1.2324,0.9542,0.9595,0.8885,0.1268,0.1067,0.1124,0.1571,0.16,0.1658,1.1542,1.151,1.129,0.9717,0.5423,0.5747,0.1105,0.1139,0.1151,0.1691,0.1724,0.1769,1.0907,1.0433,1.0367,0.0898,0.0921,0.0988,0.1218,0.119,0.1156,1.3124,1.2608,1.2836,0.8378,0.9262,0.5426,0.0903,0.0942,0.0909
13:00:00,22.2,1.3903,1.416,1.3487,0.1139,0.1134,0.1134,1.3231,1.293,1.2781,0.9702,0.5585,0.7274,1.3557,1.3634,1.3207,0.1279,0.1212,0.1158,1.2608,1.1939,1.2038,1.3176,1.2953,1.292,1.3369,1.3374,1.2921,0.1578,0.1558,0.16,1.2012,0.8813,1.0045,1.2721,1.1889,1.2635,1.2867,1.2593,1.2422,0.1594,0.1564,0.162,1.1272,0.6482,0.8218,1.1643,1.0742,1.1824,1.2464,1.2089,1.082,0.1601,0.1651,0.1635,1.3631,1.2972,1.2686,1.0001,1.0048,0.9417,0.1284,0.1069,0.1144,0.1585,0.161,0.1671,1.2052,1.2049,1.1835,1.0108,0.5825,0.6269,0.1106,0.1151,0.1174,0.1685,0.172,0.1791,1.1452,1.0934,1.0899,0.0897,0.0922,0.0986,0.1253,0.1205,0.118,1.3444,1.2964,1.3143,0.8921,0.9785,0.6041,0.0903,0.0949,0.0909
14:00:00,22.2,1.4195,1.4532,1.3853,0.1117,0.112,0.1113,1.3591,1.3344,1.3185,1.0367,0.6225,0.7982,1.3912,1.3999,1.3556,0.1257,0.1199,0.1139,1.3016,1.2405,1.2492,1.3546,1.3304,1.3256,1.3716,1.3725,1.3273,0.1555,0.1555,0.1593,1.2441,0.9277,1.0483,1.3151,1.2451,1.3044,1.3273,1.3011,1.2806,0.1573,0.1562,0.1613,1.1689,0.71,0.8724,1.2115,1.1248,1.2293,1.2876,1.2596,1.1434,0.1581,0.164,0.1612,1.4117,1.3379,1.3052,1.0484,1.0442,0.988,0.1259,0.1068,0.1122,0.1567,0.1597,0.1653,1.2549,1.2551,1.2343,1.0505,0.6268,0.6819,0.1098,0.1122,0.1154,0.1648,0.1688,0.1801,1.1959,1.1485,1.1445,0.0897,0.0921,0.0984,0.1201,0.118,0.1161,1.379,1.3313,1.3485,0.9464,1.0316,0.6638,0.0903,0.0946,0.0912
NaN,NaN,,,,,,,,,,,,,,,,,,,,,,,,,,,,,,,,,,,,,,,,,,,,,,,,,,,,,,,,,,,,,,,,,,,,,,,,,,,,,,,,,,,,,,,,,,,,,,,,
NaN,NaN,,,,,,,,,,,,,,,,,,,,,,,,,,,,,,,,,,,,,,,,,,,,,,,,,,,,,,,,,,,,,,,,,,,,,,,,,,,,,,,,,,,,,,,,,,,,,,,,
NaN,NaN,,,,,,,,,,,,,,,,,,,,,,,,,,,,,,,,,,,,,,,,,,,,,,,,,,,,,,,,,,,,,,,,,,,,,,,,,,,,,,,,,,,,,,,,,,,,,,,,
NaN,NaN,,,,,,,,,,,,,,,,,,,,,,,,,,,,,,,,,,,,,,,,,,,,,,,,,,,,,,,,,,,,,,,,,,,,,,,,,,,,,,,,,,,,,,,,,,,,,,,,
NaN,NaN,,,,,,,,,,,,,,,,,,,,,,,,,,,,,,,,,,,,,,,,,,,,,,,,,,,,,,,,,,,,,,,,,,,,,,,,,,,,,,,,,,,,,,,,,,,,,,,,
NaN,NaN,,,,,,,,,,,,,,,,,,,,,,,,,,,,,,,,,,,,,,,,,,,,,,,,,,,,,,,,,,,,,,,,,,,,,,,,,,,,,,,,,,,,,,,,,,,,,,,,
NaN,NaN,,,,,,,,,,,,,,,,,,,,,,,,,,,,,,,,,,,,,,,,,,,,,,,,,,,,,,,,,,,,,,,,,,,,,,,,,,,,,,,,,,,,,,,,,,,,,,,,
NaN,NaN,,,,,,,,,,,,,,,,,,,,,,,,,,,,,,,,,,,,,,,,,,,,,,,,,,,,,,,,,,,,,,,,,,,,,,,,,,,,,,,,,,,,,,,,,,,,,,,,
NaN,NaN,,,,,,,,,,,,,,,,,,,,,,,,,,,,,,,,,,,,,,,,,,,,,,,,,,,,,,,,,,,,,,,,,,,,,,,,,,,,,,,,,,,,,,,,,,,,,,,,
NaN,NaN,,,,,,,,,,,,,,,,,,,,,,,,,,,,,,,,,,,,,,,,,,,,,,,,,,,,,,,,,,,,,,,,,,,,,,,,,,,,,,,,,,,,,,,,,,,,,,,,
NaN,NaN,,,,,,,,,,,,,,,,,,,,,,,,,,,,,,,,,,,,,,,,,,,,,,,,,,,,,,,,,,,,,,,,,,,,,,,,,,,,,,,,,,,,,,,,,,,,,,,,
NaN,NaN,,,,,,,,,,,,,,,,,,,,,,,,,,,,,,,,,,,,,,,,,,,,,,,,,,,,,,,,,,,,,,,,,,,,,,,,,,,,,,,,,,,,,,,,,,,,,,,,
NaN,NaN,,,,,,,,,,,,,,,,,,,,,,,,,,,,,,,,,,,,,,,,,,,,,,,,,,,,,,,,,,,,,,,,,,,,,,,,,,,,,,,,,,,,,,,,,,,,,,,,
NaN,NaN,,,,,,,,,,,,,,,,,,,,,,,,,,,,,,,,,,,,,,,,,,,,,,,,,,,,,,,,,,,,,,,,,,,,,,,,,,,,,,,,,,,,,,,,,,,,,,,,
NaN,NaN,,,,,,,,,,,,,,,,,,,,,,,,,,,,,,,,,,,,,,,,,,,,,,,,,,,,,,,,,,,,,,,,,,,,,,,,,,,,,,,,,,,,,,,,,,,,,,,,
NaN,NaN,,,,,,,,,,,,,,,,,,,,,,,,,,,,,,,,,,,,,,,,,,,,,,,,,,,,,,,,,,,,,,,,,,,,,,,,,,,,,,,,,,,,,,,,,,,,,,,,
NaN,NaN,,,,,,,,,,,,,,,,,,,,,,,,,,,,,,,,,,,,,,,,,,,,,,,,,,,,,,,,,,,,,,,,,,,,,,,,,,,,,,,,,,,,,,,,,,,,,,,,
NaN,NaN,,,,,,,,,,,,,,,,,,,,,,,,,,,,,,,,,,,,,,,,,,,,,,,,,,,,,,,,,,,,,,,,,,,,,,,,,,,,,,,,,,,,,,,,,,,,,,,,
NaN,NaN,,,,,,,,,,,,,,,,,,,,,,,,,,,,,,,,,,,,,,,,,,,,,,,,,,,,,,,,,,,,,,,,,,,,,,,,,,,,,,,,,,,,,,,,,,,,,,,,
NaN,NaN,,,,,,,,,,,,,,,,,,,,,,,,,,,,,,,,,,,,,,,,,,,,,,,,,,,,,,,,,,,,,,,,,,,,,,,,,,,,,,,,,,,,,,,,,,,,,,,,
NaN,NaN,,,,,,,,,,,,,,,,,,,,,,,,,,,,,,,,,,,,,,,,,,,,,,,,,,,,,,,,,,,,,,,,,,,,,,,,,,,,,,,,,,,,,,,,,,,,,,,,
NaN,NaN,,,,,,,,,,,,,,,,,,,,,,,,,,,,,,,,,,,,,,,,,,,,,,,,,,,,,,,,,,,,,,,,,,,,,,,,,,,,,,,,,,,,,,,,,,,,,,,,
NaN,NaN,,,,,,,,,,,,,,,,,,,,,,,,,,,,,,,,,,,,,,,,,,,,,,,,,,,,,,,,,,,,,,,,,,,,,,,,,,,,,,,,,,,,,,,,,,,,,,,,
NaN,NaN,,,,,,,,,,,,,,,,,,,,,,,,,,,,,,,,,,,,,,,,,,,,,,,,,,,,,,,,,,,,,,,,,,,,,,,,,,,,,,,,,,,,,,,,,,,,,,,,
NaN,NaN,,,,,,,,,,,,,,,,,,,,,,,,,,,,,,,,,,,,,,,,,,,,,,,,,,,,,,,,,,,,,,,,,,,,,,,,,,,,,,,,,,,,,,,,,,,,,,,,
NaN,NaN,,,,,,,,,,,,,,,,,,,,,,,,,,,,,,,,,,,,,,,,,,,,,,,,,,,,,,,,,,,,,,,,,,,,,,,,,,,,,,,,,,,,,,,,,,,,,,,,
NaN,NaN,,,,,,,,,,,,,,,,,,,,,,,,,,,,,,,,,,,,,,,,,,,,,,,,,,,,,,,,,,,,,,,,,,,,,,,,,,,,,,,,,,,,,,,,,,,,,,,,
NaN,NaN,,,,,,,,,,,,,,,,,,,,,,,,,,,,,,,,,,,,,,,,,,,,,,,,,,,,,,,,,,,,,,,,,,,,,,,,,,,,,,,,,,,,,,,,,,,,,,,,
NaN,NaN,,,,,,,,,,,,,,,,,,,,,,,,,,,,,,,,,,,,,,,,,,,,,,,,,,,,,,,,,,,,,,,,,,,,,,,,,,,,,,,,,,,,,,,,,,,,,,,,
NaN,NaN,,,,,,,,,,,,,,,,,,,,,,,,,,,,,,,,,,,,,,,,,,,,,,,,,,,,,,,,,,,,,,,,,,,,,,,,,,,,,,,,,,,,,,,,,,,,,,,,
NaN,NaN,,,,,,,,,,,,,,,,,,,,,,,,,,,,,,,,,,,,,,,,,,,,,,,,,,,,,,,,,,,,,,,,,,,,,,,,,,,,,,,,,,,,,,,,,,,,,,,,
NaN,NaN,,,,,,,,,,,,,,,,,,,,,,,,,,,,,,,,,,,,,,,,,,,,,,,,,,,,,,,,,,,,,,,,,,,,,,,,,,,,,,,,,,,,,,,,,,,,,,,,
NaN,NaN,,,,,,,,,,,,,,,,,,,,,,,,,,,,,,,,,,,,,,,,,,,,,,,,,,,,,,,,,,,,,,,,,,,,,,,,,,,,,,,,,,,,,,,,,,,,,,,,
NaN,NaN,,,,,,,,,,,,,,,,,,,,,,,,,,,,,,,,,,,,,,,,,,,,,,,,,,,,,,,,,,,,,,,,,,,,,,,,,,,,,,,,,,,,,,,,,,,,,,,,
,,,,,,,,,,,,,,,,,,,,,,,,,,,,,,,,,,,,,,,,,,,,,,,,,,,,,,,,,,,,,,,,,,,,,,,,,,,,,,,,,,,,,,,,,,,,,,,,,
00:00:00,22.2,0.4966,0.5216,0.445,0.1025,0.1054,0.1046,0.4039,0.4154,0.4062,0.3276,0.3327,0.3746,0.493,0.4787,0.4882,0.115,0.1085,0.107,0.4087,0.4087,0.3975,0.3709,0.3791,0.3866,0.5192,0.5274,0.5097,0.1289,0.127,0.132,0.4021,0.3959,0.4382,0.3857,0.3576,0.3888,0.5148,0.5268,0.5221,0.1316,0.1253,0.1352,0.3858,0.3587,0.4135,0.386,0.3588,0.3853,0.4759,0.4898,0.5227,0.1345,0.1369,0.1335,0.3404,0.3709,0.3684,0.3792,0.3776,0.3777,0.1216,0.0987,0.1029,0.1288,0.1365,0.1298,0.3297,0.3207,0.3362,0.3928,0.3644,0.3673,0.0957,0.1038,0.1033,0.1298,0.172,0.1351,0.3169,0.343,0.3251,0.0875,0.0896,0.0924,0.1134,0.106,0.1009,0.4102,0.4115,0.4257,0.3256,0.3281,0.3303,0.0878,0.0921,0.0883
01:00:00,22.2,0.407,0.4578,0.4395,0.103,0.1072,0.1095,0.4353,0.4385,0.4606,0.361,0.3213,0.3803,0.4141,0.4706,0.4475,0.1143,0.1078,0.1072,0.4445,0.456,0.4289,0.4612,0.4562,0.4417,0.4404,0.4887,0.5104,0.1255,0.1222,0.1273,0.4338,0.4384,0.4042,0.4581,0.3727,0.4506,0.4489,0.4695,0.4381,0.1298,0.1234,0.1294,0.4436,0.3837,0.426,0.4483,0.4691,0.4354,0.4711,0.4373,0.4388,0.1335,0.1298,0.1311,0.4037,0.4365,0.4294,0.442,0.4741,0.4187,0.1212,0.0989,0.1026,0.1276,0.1288,0.1299,0.4096,0.4521,0.4038,0.4275,0.3702,0.3723,0.0954,0.1038,0.1053,0.1312,0.139,0.1375,0.3999,0.4305,0.4112,0.0875,0.0897,0.0936,0.1126,0.1054,0.1008,0.4057,0.4384,0.4514,0.3782,0.3764,0.3273,0.0879,0.0921,0.0882
02:00:00,22.2,0.3887,0.4139,0.3552,0.102,0.1059,0.108,0.3662,0.3962,0.3738,0.3822,0.3047,0.3815,0.4211,0.4002,0.383,0.1136,0.109,0.1062,0.3836,0.3874,0.3779,0.3593,0.361,0.3592,0.396,0.4046,0.4123,0.1228,0.1212,0.1254,0.3813,0.4339,0.4035,0.3661,0.4124,0.387,0.412,0.4007,0.3964,0.1276,0.1221,0.1274,0.4,0.3846,0.4246,0.3814,0.4029,0.3787,0.4119,0.3947,0.4052,0.1309,0.1293,0.1289,0.3386,0.3449,0.341,0.3864,0.4391,0.4234,0.1174,0.0989,0.1018,0.1257,0.1275,0.13,0.3623,0.3913,0.3769,0.3973,0.3903,0.3804,0.0958,0.1024,0.104,0.1316,0.1387,0.1413,0.3753,0.3771,0.3775,0.0873,0.0897,0.095,0.1114,0.1046,0.1005,0.3625,0.3631,0.3704,0.3857,0.3887,0.3252,0.0874,0.0916,0.0882
03:00:00,22.2,0.4304,0.4585,0.3809,0.1031,0.1034,0.1037,0.3791,0.4052,0.4074,0.4038,0.3062,0.3767,0.4352,0.4232,0.3996,0.1147,0.1099,0.1066,0.3893,0.4021,0.3782,0.3634,0.3625,0.3614,0.4357,0.4445,0.4357,0.1233,0.1216,0.1248,0.3851,0.431,0.409,0.3713,0.4044,0.3929,0.4252,0.4199,0.4126,0.1276,0.1218,0.1271,0.3959,0.4028,0.4354,0.3854,0.4058,0.3925,0.4146,0.4052,0.419,0.1336,0.1292,0.1293,0.3267,0.3434,0.3336,0.3914,0.4398,0.4221,0.1198,0.0986,0.1024,0.1277,0.1268,0.1319,0.3405,0.335,0.3457,0.3955,0.3984,0.3916,0.0957,0.1043,0.1043,0.1353,0.1407,0.1441,0.343,0.3678,0.3612,0.0874,0.0899,0.0949,0.1179,0.1054,0.1011,0.3867,0.3778,0.3923,0.3854,0.3843,0.324,0.0875,0.0916,0.0881
04:00:00,22.2,0.5166,0.5343,0.4513,0.105,0.1043,0.1044,0.4327,0.432,0.4264,0.3797,0.2966,0.3745,0.4827,0.4707,0.4455,0.1163,0.1101,0.108,0.4268,0.4156,0.4007,0.4179,0.4113,0.4105,0.4866,0.4775,0.4628,0.1242,0.1221,0.1259,0.4071,0.4271,0.4153,0.4015,0.3707,0.4167,0.461,0.4535,0.4468,0.129,0.1221,0.1274,0.4035,0.4088,0.4366,0.3867,0.3868,0.4066,0.4419,0.4321,0.4366,0.1343,0.1303,0.1317,0.3813,0.3924,0.3846,0.3931,0.4377,0.4162,0.124,0.099,0.1034,0.13,0.1286,0.1338,0.3485,0.3382,0.3438,0.3952,0.4092,0.4043,0.0969,0.1055,0.1068,0.1384,0.1415,0.1501,0.3379,0.3576,0.341,0.0875,0.09,0.0956,0.1187,0.1065,0.1023,0.4576,0.4324,0.4561,0.3804,0.338,0.3202,0.088,0.0921,0.0882
05:00:00,22.2,0.6416,0.6608,0.5516,0.101,0.1036,0.1015,0.5227,0.5023,0.497,0.3382,0.2945,0.3659,0.579,0.5633,0.5189,0.1138,0.1079,0.1056,0.4971,0.461,0.4504,0.5041,0.4931,0.494,0.5705,0.5438,0.5142,0.1215,0.1203,0.1237,0.4586,0.4234,0.4252,0.4684,0.4055,0.4836,0.51,0.4971,0.4936,0.1257,0.1208,0.1252,0.4367,0.41,0.4335,0.4205,0.3993,0.4539,0.4843,0.4659,0.4624,0.1319,0.1282,0.1288,0.4728,0.4836,0.4719,0.4013,0.4427,0.4029,0.1172,0.0988,0.1015,0.1278,0.1282,0.1323,0.4133,0.3988,0.4007,0.4069,0.4089,0.4054,0.0963,0.1017,0.103,0.137,0.1391,0.1481,0.3814,0.3912,0.3737,0.0876,0.0901,0.0953,0.111,0.1048,0.1018,0.5613,0.5175,0.5485,0.3524,0.3383,0.3195,0.0882,0.0921,0.089
06:00:00,22.2,0.7977,0.815,0.68,0.105,0.1048,0.1042,0.6264,0.6059,0.5968,0.3612,0.2962,0.3568,0.7048,0.6885,0.622,0.1162,0.109,0.1076,0.5879,0.5484,0.5343,0.614,0.5974,0.6012,0.688,0.653,0.6075,0.1239,0.1219,0.1254,0.5309,0.418,0.4572,0.5606,0.4898,0.5786,0.587,0.5668,0.5661,0.1271,0.1213,0.1263,0.5007,0.4108,0.4322,0.4945,0.4639,0.5463,0.5486,0.521,0.4909,0.1336,0.1292,0.1304,0.5932,0.5991,0.5853,0.4436,0.4678,0.418,0.1233,0.0985,0.104,0.1309,0.1295,0.1334,0.5094,0.4937,0.4846,0.4509,0.4143,0.407,0.0975,0.1057,0.1073,0.1371,0.1448,0.1464,0.4602,0.4814,0.4499,0.0875,0.0899,0.0958,0.1169,0.1073,0.1042,0.6826,0.6261,0.6656,0.3526,0.3862,0.3179,0.0877,0.0915,0.088
07:00:00,22.2,0.9478,0.9689,0.827,0.1022,0.1038,0.1027,0.7582,0.7411,0.7275,0.4261,0.2945,0.3494,0.8492,0.8315,0.7387,0.1141,0.107,0.1057,0.6991,0.6495,0.6355,0.7415,0.7216,0.7254,0.8163,0.765,0.7089,0.122,0.1199,0.1242,0.6239,0.4315,0.5174,0.6752,0.5958,0.7057,0.6754,0.6493,0.6514,0.1249,0.1203,0.1247,0.579,0.4004,0.4328,0.5784,0.5487,0.6554,0.6267,0.5898,0.5237,0.1307,0.1274,0.1283,0.7281,0.7384,0.718,0.5175,0.541,0.4649,0.1184,0.0981,0.1018,0.1291,0.1267,0.132,0.6306,0.6135,0.5955,0.5163,0.4073,0.3972,0.0968,0.1029,0.1039,0.1355,0.1441,0.1483,0.5588,0.5814,0.5444,0.0874,0.0896,0.0957,0.1124,0.1057,0.1026,0.8158,0.7608,0.7981,0.4014,0.4651,0.3075,0.0879,0.0919,0.0884
08:00:00,22.2,1.0656,1.0904,0.9586,0.1015,0.1035,0.1024,0.8863,0.8661,0.8533,0.5082,0.3023,0.3646,0.9831,0.9697,0.8729,0.1137,0.1076,0.1051,0.8233,0.7522,0.7555,0.8685,0.8435,0.8517,0.9513,0.8965,0.8301,0.1218,0.1197,0.1239,0.7419,0.4751,0.5954,0.8009,0.7091,0.8304,0.783,0.7435,0.7455,0.1238,0.1204,0.1239,0.6879,0.3912,0.451,0.6833,0.6332,0.7636,0.7234,0.6701,0.5746,0.1315,0.1271,0.1279,0.8551,0.8638,0.8425,0.5943,0.6141,0.5358,0.1183,0.0978,0.1018,0.1275,0.1256,0.1312,0.7489,0.7321,0.7119,0.6002,0.3939,0.3861,0.0969,0.1025,0.1041,0.1388,0.1423,0.1456,0.6726,0.6761,0.639,0.0871,0.0899,0.096,0.113,0.1057,0.1028,0.939,0.8849,0.9197,0.472,0.5534,0.3164,0.0876,0.0922,0.0885
09:00:00,22.2,1.1528,1.1774,1.0713,0.1028,0.1033,0.102,0.9967,0.9661,0.9543,0.5898,0.3217,0.4009,1.0892,1.0826,0.9919,0.115,0.1073,0.1067,0.9307,0.8547,0.8557,0.9822,0.959,0.965,1.0615,1.0162,0.9523,0.1229,0.1204,0.1246,0.8502,0.5403,0.6652,0.9109,0.8085,0.9348,0.896,0.8488,0.8535,0.1244,0.1203,0.1241,0.792,0.398,0.4902,0.7836,0.7219,0.8662,0.8357,0.7655,0.6394,0.1307,0.1269,0.1282,0.9771,0.9714,0.951,0.6687,0.6594,0.6026,0.1182,0.098,0.1023,0.1277,0.1249,0.1309,0.846,0.8328,0.8117,0.6853,0.3873,0.3893,0.0973,0.1039,0.1044,0.1395,0.1422,0.1457,0.7718,0.7667,0.7321,0.0876,0.09,0.0963,0.1127,0.1062,0.1032,1.0467,0.992,1.0247,0.5414,0.6375,0.3447,0.0879,0.0924,0.0884
10:00:00,22.2,1.2168,1.2399,1.1535,0.1023,0.1036,0.1021,1.0907,1.0552,1.043,0.6684,0.3487,0.4513,1.1656,1.166,1.0932,0.1147,0.1077,0.1075,1.0155,0.9436,0.9459,1.0803,1.057,1.0635,1.1453,1.1124,1.0555,0.1229,0.1197,0.1246,0.938,0.6045,0.7428,1.0066,0.9033,1.0256,1.0022,0.9545,0.9564,0.1243,0.1203,0.1243,0.8802,0.4266,0.546,0.8716,0.8081,0.944,0.9442,0.8671,0.7133,0.1295,0.1265,0.128,1.083,1.0663,1.0447,0.7505,0.7286,0.6745,0.1194,0.0979,0.1015,0.1257,0.1255,0.1324,0.9388,0.926,0.9029,0.7651,0.3987,0.4134,0.0975,0.1031,0.1038,0.1386,0.1393,0.1463,0.8616,0.8394,0.8208,0.087,0.0901,0.096,0.1127,0.1062,0.1029,1.1365,1.085,1.1111,0.6221,0.7093,0.3795,0.088,0.0921,0.0881
11:00:00,22.2,1.2623,1.2867,1.2145,0.1024,0.1037,0.1022,1.1669,1.1327,1.1199,0.7503,0.3876,0.5147,1.2225,1.2248,1.17,0.1152,0.1079,0.1073,1.0926,1.0114,1.0261,1.1601,1.1382,1.1399,1.2039,1.1876,1.1369,0.1233,0.1206,0.1252,1.0182,0.6695,0.8189,1.0917,0.9883,1.1043,1.0945,1.0476,1.0447,0.1241,0.1206,0.1248,0.956,0.4684,0.6054,0.9609,0.8803,1.0118,1.0447,0.965,0.7993,0.129,0.1274,0.1275,1.1699,1.1437,1.1185,0.8206,0.8128,0.7514,0.1207,0.098,0.1016,0.1249,0.1263,0.1333,1.0182,1.0122,0.9876,0.8371,0.4271,0.4532,0.0977,0.1035,0.1049,0.1388,0.1414,0.1456,0.9464,0.9067,0.8946,0.0873,0.0897,0.0965,0.1147,0.107,0.1036,1.2077,1.1563,1.1795,0.6961,0.7814,0.4245,0.0878,0.092,0.0884
12:00:00,22.2,1.2972,1.3237,1.2586,0.1027,0.104,0.1023,1.227,1.1956,1.1838,0.8281,0.4387,0.5847,1.2636,1.2717,1.2233,0.1152,0.1077,0.1056,1.1606,1.0717,1.0911,1.2215,1.2006,1.204,1.2465,1.2393,1.1938,0.1233,0.1206,0.1246,1.0857,0.7446,0.881,1.1635,1.0614,1.1692,1.1671,1.1263,1.117,0.124,0.1206,0.1248,1.0124,0.5168,0.6646,1.0334,0.9437,1.0684,1.1234,1.0521,0.89,0.1281,0.1272,0.1271,1.2455,1.2033,1.1794,0.8767,0.8793,0.8091,0.1201,0.0981,0.1022,0.1264,0.1257,0.1329,1.0885,1.085,1.0621,0.8912,0.4653,0.4983,0.0983,0.1037,0.1053,0.1378,0.1388,0.1405,1.0193,0.966,0.9597,0.0872,0.0899,0.0965,0.114,0.1075,0.1045,1.2639,1.2126,1.2338,0.7592,0.8451,0.4813,0.0878,0.0918,0.0884
13:00:00,22.2,1.3274,1.3555,1.2917,0.1041,0.1054,0.1035,1.2756,1.2438,1.2321,0.8952,0.4996,0.6551,1.297,1.3058,1.2638,0.1155,0.1102,0.107,1.2107,1.1265,1.1454,1.271,1.2492,1.2474,1.2784,1.2786,1.236,0.1247,0.1223,0.1258,1.1399,0.8008,0.9308,1.2208,1.128,1.2174,1.2216,1.189,1.1755,0.1253,0.1216,0.1258,1.0595,0.5721,0.7419,1.0987,1.002,1.1189,1.1812,1.1281,0.9764,0.1279,0.1288,0.1275,1.3057,1.2519,1.2243,0.9263,0.9275,0.8643,0.1218,0.0983,0.1032,0.1269,0.1277,0.1353,1.1496,1.1478,1.1252,0.9339,0.5083,0.5523,0.0987,0.1054,0.1064,0.138,0.1402,0.1432,1.0809,1.0222,1.0194,0.0875,0.0902,0.0966,0.1153,0.1085,0.1056,1.2998,1.2522,1.2697,0.8157,0.9018,0.5414,0.0879,0.0919,0.0885
14:00:00,22.2,1.3531,1.3899,1.3271,0.1019,0.1033,0.1017,1.3124,1.2884,1.2753,0.963,0.5619,0.7255,1.3284,1.3408,1.2988,0.1143,0.1068,0.1049,1.2553,1.1762,1.1945,1.3106,1.2871,1.2831,1.3087,1.3157,1.2723,0.1238,0.1213,0.1254,1.1855,0.851,0.977,1.2678,1.1872,1.2602,1.2641,1.2354,1.22,0.1237,0.1213,0.1249,1.106,0.6368,0.7972,1.1501,1.0553,1.1683,1.2263,1.1884,1.0524,0.127,0.127,0.1262,1.3562,1.2956,1.2632,0.976,0.9705,0.9125,0.1188,0.0984,0.1019,0.1261,0.1264,0.1326,1.2003,1.2037,1.1805,0.977,0.5518,0.6078,0.0983,0.1028,0.104,0.1345,0.137,0.1442,1.1345,1.0801,1.0771,0.0878,0.0902,0.0959,0.1141,0.1072,0.1042,1.3339,1.2886,1.3046,0.869,0.9573,0.6014,0.0881,0.0921,0.0887
NaN,NaN,,,,,,,,,,,,,,,,,,,,,,,,,,,,,,,,,,,,,,,,,,,,,,,,,,,,,,,,,,,,,,,,,,,,,,,,,,,,,,,,,,,,,,,,,,,,,,,,
NaN,NaN,,,,,,,,,,,,,,,,,,,,,,,,,,,,,,,,,,,,,,,,,,,,,,,,,,,,,,,,,,,,,,,,,,,,,,,,,,,,,,,,,,,,,,,,,,,,,,,,
NaN,NaN,,,,,,,,,,,,,,,,,,,,,,,,,,,,,,,,,,,,,,,,,,,,,,,,,,,,,,,,,,,,,,,,,,,,,,,,,,,,,,,,,,,,,,,,,,,,,,,,
NaN,NaN,,,,,,,,,,,,,,,,,,,,,,,,,,,,,,,,,,,,,,,,,,,,,,,,,,,,,,,,,,,,,,,,,,,,,,,,,,,,,,,,,,,,,,,,,,,,,,,,
NaN,NaN,,,,,,,,,,,,,,,,,,,,,,,,,,,,,,,,,,,,,,,,,,,,,,,,,,,,,,,,,,,,,,,,,,,,,,,,,,,,,,,,,,,,,,,,,,,,,,,,
NaN,NaN,,,,,,,,,,,,,,,,,,,,,,,,,,,,,,,,,,,,,,,,,,,,,,,,,,,,,,,,,,,,,,,,,,,,,,,,,,,,,,,,,,,,,,,,,,,,,,,,
NaN,NaN,,,,,,,,,,,,,,,,,,,,,,,,,,,,,,,,,,,,,,,,,,,,,,,,,,,,,,,,,,,,,,,,,,,,,,,,,,,,,,,,,,,,,,,,,,,,,,,,
NaN,NaN,,,,,,,,,,,,,,,,,,,,,,,,,,,,,,,,,,,,,,,,,,,,,,,,,,,,,,,,,,,,,,,,,,,,,,,,,,,,,,,,,,,,,,,,,,,,,,,,
NaN,NaN,,,,,,,,,,,,,,,,,,,,,,,,,,,,,,,,,,,,,,,,,,,,,,,,,,,,,,,,,,,,,,,,,,,,,,,,,,,,,,,,,,,,,,,,,,,,,,,,
NaN,NaN,,,,,,,,,,,,,,,,,,,,,,,,,,,,,,,,,,,,,,,,,,,,,,,,,,,,,,,,,,,,,,,,,,,,,,,,,,,,,,,,,,,,,,,,,,,,,,,,
NaN,NaN,,,,,,,,,,,,,,,,,,,,,,,,,,,,,,,,,,,,,,,,,,,,,,,,,,,,,,,,,,,,,,,,,,,,,,,,,,,,,,,,,,,,,,,,,,,,,,,,
NaN,NaN,,,,,,,,,,,,,,,,,,,,,,,,,,,,,,,,,,,,,,,,,,,,,,,,,,,,,,,,,,,,,,,,,,,,,,,,,,,,,,,,,,,,,,,,,,,,,,,,
NaN,NaN,,,,,,,,,,,,,,,,,,,,,,,,,,,,,,,,,,,,,,,,,,,,,,,,,,,,,,,,,,,,,,,,,,,,,,,,,,,,,,,,,,,,,,,,,,,,,,,,
NaN,NaN,,,,,,,,,,,,,,,,,,,,,,,,,,,,,,,,,,,,,,,,,,,,,,,,,,,,,,,,,,,,,,,,,,,,,,,,,,,,,,,,,,,,,,,,,,,,,,,,
NaN,NaN,,,,,,,,,,,,,,,,,,,,,,,,,,,,,,,,,,,,,,,,,,,,,,,,,,,,,,,,,,,,,,,,,,,,,,,,,,,,,,,,,,,,,,,,,,,,,,,,
NaN,NaN,,,,,,,,,,,,,,,,,,,,,,,,,,,,,,,,,,,,,,,,,,,,,,,,,,,,,,,,,,,,,,,,,,,,,,,,,,,,,,,,,,,,,,,,,,,,,,,,
NaN,NaN,,,,,,,,,,,,,,,,,,,,,,,,,,,,,,,,,,,,,,,,,,,,,,,,,,,,,,,,,,,,,,,,,,,,,,,,,,,,,,,,,,,,,,,,,,,,,,,,
NaN,NaN,,,,,,,,,,,,,,,,,,,,,,,,,,,,,,,,,,,,,,,,,,,,,,,,,,,,,,,,,,,,,,,,,,,,,,,,,,,,,,,,,,,,,,,,,,,,,,,,
NaN,NaN,,,,,,,,,,,,,,,,,,,,,,,,,,,,,,,,,,,,,,,,,,,,,,,,,,,,,,,,,,,,,,,,,,,,,,,,,,,,,,,,,,,,,,,,,,,,,,,,
NaN,NaN,,,,,,,,,,,,,,,,,,,,,,,,,,,,,,,,,,,,,,,,,,,,,,,,,,,,,,,,,,,,,,,,,,,,,,,,,,,,,,,,,,,,,,,,,,,,,,,,
NaN,NaN,,,,,,,,,,,,,,,,,,,,,,,,,,,,,,,,,,,,,,,,,,,,,,,,,,,,,,,,,,,,,,,,,,,,,,,,,,,,,,,,,,,,,,,,,,,,,,,,
NaN,NaN,,,,,,,,,,,,,,,,,,,,,,,,,,,,,,,,,,,,,,,,,,,,,,,,,,,,,,,,,,,,,,,,,,,,,,,,,,,,,,,,,,,,,,,,,,,,,,,,
NaN,NaN,,,,,,,,,,,,,,,,,,,,,,,,,,,,,,,,,,,,,,,,,,,,,,,,,,,,,,,,,,,,,,,,,,,,,,,,,,,,,,,,,,,,,,,,,,,,,,,,
NaN,NaN,,,,,,,,,,,,,,,,,,,,,,,,,,,,,,,,,,,,,,,,,,,,,,,,,,,,,,,,,,,,,,,,,,,,,,,,,,,,,,,,,,,,,,,,,,,,,,,,
NaN,NaN,,,,,,,,,,,,,,,,,,,,,,,,,,,,,,,,,,,,,,,,,,,,,,,,,,,,,,,,,,,,,,,,,,,,,,,,,,,,,,,,,,,,,,,,,,,,,,,,
NaN,NaN,,,,,,,,,,,,,,,,,,,,,,,,,,,,,,,,,,,,,,,,,,,,,,,,,,,,,,,,,,,,,,,,,,,,,,,,,,,,,,,,,,,,,,,,,,,,,,,,
NaN,NaN,,,,,,,,,,,,,,,,,,,,,,,,,,,,,,,,,,,,,,,,,,,,,,,,,,,,,,,,,,,,,,,,,,,,,,,,,,,,,,,,,,,,,,,,,,,,,,,,
NaN,NaN,,,,,,,,,,,,,,,,,,,,,,,,,,,,,,,,,,,,,,,,,,,,,,,,,,,,,,,,,,,,,,,,,,,,,,,,,,,,,,,,,,,,,,,,,,,,,,,,
NaN,NaN,,,,,,,,,,,,,,,,,,,,,,,,,,,,,,,,,,,,,,,,,,,,,,,,,,,,,,,,,,,,,,,,,,,,,,,,,,,,,,,,,,,,,,,,,,,,,,,,
NaN,NaN,,,,,,,,,,,,,,,,,,,,,,,,,,,,,,,,,,,,,,,,,,,,,,,,,,,,,,,,,,,,,,,,,,,,,,,,,,,,,,,,,,,,,,,,,,,,,,,,
NaN,NaN,,,,,,,,,,,,,,,,,,,,,,,,,,,,,,,,,,,,,,,,,,,,,,,,,,,,,,,,,,,,,,,,,,,,,,,,,,,,,,,,,,,,,,,,,,,,,,,,
NaN,NaN,,,,,,,,,,,,,,,,,,,,,,,,,,,,,,,,,,,,,,,,,,,,,,,,,,,,,,,,,,,,,,,,,,,,,,,,,,,,,,,,,,,,,,,,,,,,,,,,
NaN,NaN,,,,,,,,,,,,,,,,,,,,,,,,,,,,,,,,,,,,,,,,,,,,,,,,,,,,,,,,,,,,,,,,,,,,,,,,,,,,,,,,,,,,,,,,,,,,,,,,
NaN,NaN,,,,,,,,,,,,,,,,,,,,,,,,,,,,,,,,,,,,,,,,,,,,,,,,,,,,,,,,,,,,,,,,,,,,,,,,,,,,,,,,,,,,,,,,,,,,,,,,
,,,,,,,,,,,,,,,,,,,,,,,,,,,,,,,,,,,,,,,,,,,,,,,,,,,,,,,,,,,,,,,,,,,,,,,,,,,,,,,,,,,,,,,,,,,,,,,,,
~End,,,,,,,,,,,,,,,,,,,,,,,,,,,,,,,,,,,,,,,,,,,,,,,,,,,,,,,,,,,,,,,,,,,,,,,,,,,,,,,,,,,,,,,,,,,,,,,,,
Original Filename: 24102024_BIOL3111_YeastGroup; Date Last Saved: 2024-10-24 9:14:16 AM,,,,,,,,,,,,,,,,,,,,,,,,,,,,,,,,,,,,,,,,,,,,,,,,,,,,,,,,,,,,,,,,,,,,,,,,,,,,,,,,,,,,,,,,,,,,,,,,,